db,llm,prompt_technique,query_id,original_ms,execution_ms_original,planning_ms_original,buffers_plan_original,rewritten_ms,execution_ms_rewritten,planning_ms_rewritten,buffers_plan_rewritten,emissions_original,emissions_rewritten,speedup,same_rowcount,same_signature,original_sql,rewritten_sql
webshopdb,mistral-small-latest,zero-shot,1,1922.316,183.898,0.144,41037,1896.116,180.763,0.148,38037,2.253106446626383e-05,2.2314012858366143e-05,1.014,True,True,"SELECT     c.id AS customer_id,     (SELECT c2.firstname || ' ' || c2.lastname      FROM customer c2      WHERE c2.id = c.id) AS full_name,     (       SELECT SUM(o.total::numeric)       FROM ""order"" o       WHERE o.customer = c.id         AND date_trunc('year', o.ordertimestamp) = (             SELECT date_trunc('year', MIN(ordertimestamp)) FROM ""order""         )     ) AS total_spent_last_year FROM customer c WHERE c.email IS NOT NULL    -- substitui o filtro impossível ORDER BY     (SELECT SUM(o2.total::numeric)      FROM ""order"" o2      WHERE o2.customer = c.id) DESC","SELECT c.id AS customer_id, c.firstname || ' ' || c.lastname AS full_name,     (SELECT SUM(o.total::numeric) FROM ""order"" o WHERE o.customer = c.id AND date_trunc('year', o.ordertimestamp) = (SELECT date_trunc('year', MIN(ordertimestamp)) FROM ""order"")) AS total_spent_last_year FROM customer c WHERE c.email IS NOT NULL ORDER BY (SELECT SUM(o2.total::numeric) FROM ""order"" o2 WHERE o2.customer = c.id) DESC"
webshopdb,mistral-small-latest,zero-shot,2,2193.210,13.128,0.400,464,2222.875,14.509,0.345,445,2.5769736666608e-05,2.6051674015035962e-05,0.987,True,False,"SELECT DISTINCT     a.id AS article_id,     p.name AS product_name,     a.originalprice,     a.reducedprice,     c.name AS color_name,     random() AS rnd FROM articles a JOIN products p ON p.id = a.productid JOIN colors c ON c.id = a.colorid JOIN order_positions op ON op.articleid = a.id JOIN ""order"" o ON o.id = op.orderid WHERE o.ordertimestamp >= (SELECT MIN(ordertimestamp) FROM ""order"")   AND p.name IS NOT NULL       -- substitui o filtro impossível ORDER BY rnd","SELECT DISTINCT     a.id AS article_id,     p.name AS product_name,     a.originalprice,     a.reducedprice,     c.name AS color_name,     random() AS rnd FROM articles a JOIN products p ON p.id = a.productid JOIN colors c ON c.id = a.colorid JOIN order_positions op ON op.articleid = a.id JOIN ""order"" o ON o.id = op.orderid WHERE p.name IS NOT NULL ORDER BY rnd"
webshopdb,mistral-small-latest,zero-shot,3,1708.626,3.304,0.201,82,1710.243,3.375,0.219,82,2.007582101104737e-05,2.0237723793174944e-05,0.999,True,True,"SELECT     c.id,     c.firstname,     c.lastname,     c.email FROM customer c WHERE c.id IN (     SELECT DISTINCT o.customer     FROM ""order"" o     JOIN order_positions op ON op.orderid = o.id     WHERE op.amount >= 1 )","SELECT c.id, c.firstname, c.lastname, c.email FROM customer c WHERE EXISTS (SELECT 1 FROM ""order"" o JOIN order_positions op ON op.orderid = o.id WHERE op.amount >= 1 AND o.customer = c.id)"
webshopdb,mistral-small-latest,zero-shot,4,1865.156,2.086,0.200,56,1873.101,2.112,0.215,56,2.19229247293565e-05,2.2005610649070352e-05,0.996,True,True,"SELECT DISTINCT     c.id,     c.firstname,     c.lastname,     o.id AS order_id,     o.ordertimestamp FROM customer c LEFT JOIN ""order"" o ON o.customer = c.id WHERE o.ordertimestamp >= (SELECT MIN(ordertimestamp) FROM ""order"") ORDER BY o.ordertimestamp DESC","SELECT DISTINCT c.id, c.firstname, c.lastname, o.id AS order_id, o.ordertimestamp FROM customer c LEFT JOIN ""order"" o ON o.customer = c.id WHERE o.ordertimestamp >= (SELECT MIN(ordertimestamp) FROM ""order"") ORDER BY o.ordertimestamp DESC"
webshopdb,mistral-small-latest,zero-shot,5,1795.979,81.893,0.203,16529,1720.412,2.370,0.155,37,2.118466793856157e-05,2.018009189552073e-05,1.044,False,False,"SELECT     c.id,     c.firstname,     c.lastname,     (         SELECT SUM(o.total::numeric)         FROM ""order"" o         WHERE o.customer = c.id     ) AS total_spent FROM customer c WHERE c.id IN (SELECT customer FROM ""order"") ORDER BY total_spent DESC NULLS LAST","SELECT c.id, c.firstname, c.lastname, COALESCE(SUM(o.total::numeric), 0) AS total_spent FROM customer c LEFT JOIN ""order"" o ON o.customer = c.id GROUP BY c.id, c.firstname, c.lastname ORDER BY total_spent DESC NULLS LAST"
webshopdb,mistral-small-latest,zero-shot,6,1442.577,11.542,0.365,463,NaN,NaN,NaN,,1.694513491111493e-05,nan,NaN,False,False,"SELECT     p.id AS product_id,     p.name AS product_name,     SUM(op.amount * op.price::numeric) AS revenue_period FROM products p JOIN articles a ON a.productid = p.id JOIN order_positions op ON op.articleid = a.id JOIN ""order"" o ON o.id = op.orderid WHERE o.ordertimestamp >= (SELECT MIN(ordertimestamp) FROM ""order"")   AND p.currentlyactive = TRUE GROUP BY p.id, p.name ORDER BY revenue_period DESC LIMIT 10","SELECT p.id AS product_id, p.name AS product_name, SUM(op.amount * op.price::numeric) AS revenue_period FROM products p JOIN articles a ON a.productid = p.id JOIN order_positions op ON op.articleid = a.id JOIN order_positions op ON op.articleid = a.id JOIN ""order"" o ON o.id = op.orderid WHERE o.ordertimestamp >= (SELECT MIN(ordertimestamp) FROM ""order"") AND p.currentlyactive = TRUE GROUP BY p.id, p.name ORDER BY revenue_period DESC LIMIT 10"
webshopdb,mistral-small-latest,zero-shot,7,1565.148,1.338,0.180,37,1544.601,1.296,0.208,37,1.8350293052729932e-05,1.8660557675093517e-05,1.013,True,True,"SELECT     c.id,     c.firstname,     c.lastname,     COUNT(o.id) AS num_orders FROM customer c JOIN ""order"" o ON o.customer = c.id GROUP BY c.id, c.firstname, c.lastname HAVING COUNT(o.id) >= 5 ORDER BY num_orders DESC LIMIT 50","SELECT c.id, c.firstname, c.lastname, COUNT(o.id) AS num_orders FROM customer c JOIN ""order"" o ON o.customer = c.id GROUP BY c.id, c.firstname, c.lastname HAVING COUNT(o.id) >= 5 ORDER BY num_orders DESC LIMIT 50"
webshopdb,mistral-small-latest,zero-shot,8,1735.737,1.750,0.194,56,1717.503,1.729,0.200,56,2.040374984002735e-05,2.1150039809024772e-05,1.011,True,True,"SELECT     o.id AS order_id,     o.ordertimestamp,     c.id AS customer_id,     c.firstname,     c.lastname,     o.total,     o.shippingcost FROM ""order"" o JOIN customer c ON c.id = o.customer WHERE o.ordertimestamp >= (SELECT MIN(ordertimestamp) FROM ""order"") ORDER BY o.ordertimestamp DESC LIMIT 500","SELECT o.id AS order_id, o.ordertimestamp, c.id AS customer_id, c.firstname, c.lastname, o.total, o.shippingcost FROM ""order"" o JOIN customer c ON c.id = o.customer WHERE o.ordertimestamp >= (SELECT MIN(ordertimestamp) FROM ""order"" LIMIT 1) ORDER BY o.ordertimestamp DESC LIMIT 500"
webshopdb,mistral-small-latest,zero-shot,9,1731.285,10.333,0.347,463,1727.966,9.448,0.333,463,2.042652227150181e-05,2.034163857719799e-05,1.002,True,True,"SELECT     p.category,     p.id AS product_id,     p.name AS product_name,     SUM(op.amount) AS total_qty FROM products p JOIN articles a ON a.productid = p.id JOIN order_positions op ON op.articleid = a.id JOIN ""order"" o ON o.id = op.orderid WHERE o.ordertimestamp >= (SELECT MIN(ordertimestamp) FROM ""order"") GROUP BY p.category, p.id, p.name ORDER BY p.category, total_qty DESC","SELECT p.category, p.id AS product_id, p.name AS product_name, SUM(op.amount) AS total_qty FROM products p JOIN articles a ON a.productid = p.id JOIN order_positions op ON op.articleid = a.id JOIN ""order"" o ON o.id = op.orderid WHERE o.ordertimestamp >= (SELECT MIN(ordertimestamp) FROM ""order"" LIMIT 1) GROUP BY p.category, p.id, p.name ORDER BY p.category, total_qty DESC"
webshopdb,mistral-small-latest,zero-shot,10,1555.579,1.776,0.189,37,1566.313,2.226,0.250,56,1.823921595319809e-05,1.838695585431385e-05,0.993,True,True,"SELECT     c.id,     c.firstname,     c.lastname,     MAX(o.ordertimestamp) AS last_order_timestamp FROM customer c LEFT JOIN ""order"" o ON o.customer = c.id GROUP BY c.id, c.firstname, c.lastname HAVING MAX(o.ordertimestamp) < current_date - interval '6 months'     OR MAX(o.ordertimestamp) IS NULL ORDER BY last_order_timestamp NULLS FIRST LIMIT 200","SELECT c.id, c.firstname, c.lastname, MAX(o.ordertimestamp) AS last_order_timestamp FROM customer c LEFT JOIN ""order"" o ON o.customer = c.id WHERE NOT EXISTS (     SELECT 1 FROM ""order"" o2     WHERE o2.customer = c.id     AND o2.ordertimestamp >= current_date - interval '6 months' ) GROUP BY c.id, c.firstname, c.lastname ORDER BY last_order_timestamp NULLS FIRST LIMIT 200"
webshopdb,mistral-small-latest,zero-shot,11,1422.098,2.233,0.185,37,1416.368,2.224,0.184,37,1.6783135334707516e-05,1.6654552490941967e-05,1.004,True,True,"SELECT     c.id,     c.firstname,     c.lastname,     COUNT(o.id) AS num_orders,     SUM(o.total::numeric) AS total_spent,     AVG(o.total::numeric) AS avg_order_value FROM customer c JOIN ""order"" o ON o.customer = c.id GROUP BY c.id, c.firstname, c.lastname HAVING COUNT(o.id) >= 3 ORDER BY avg_order_value DESC LIMIT 20;","SELECT c.id, c.firstname, c.lastname, COUNT(o.id) AS num_orders, SUM(o.total::numeric) AS total_spent, AVG(o.total::numeric) AS avg_order_value FROM customer c JOIN ""order"" o ON o.customer = c.id GROUP BY c.id, c.firstname, c.lastname HAVING COUNT(o.id) >= 3 ORDER BY avg_order_value DESC LIMIT 20;"
webshopdb,mistral-small-latest,zero-shot,12,1412.238,20.021,0.293,538,NaN,NaN,NaN,,1.6589301802160486e-05,nan,NaN,False,False,"SELECT     p.id AS product_id,     p.name AS product_name,     COALESCE(SUM(s.count), 0) AS total_stock,     COALESCE(SUM(op.amount), 0) AS total_sold FROM products p JOIN articles a ON a.productid = p.id LEFT JOIN stock s ON s.articleid = a.id LEFT JOIN order_positions op ON op.articleid = a.id GROUP BY p.id, p.name HAVING COALESCE(SUM(s.count), 0) < 10   -- “baixo” estoque ORDER BY total_stock ASC, total_sold DESC;","SELECT p.id AS product_id, p.name AS product_name, COALESCE(SUM(s.count), 0) AS total_stock, COALESCE(SUM(op.amount), 0) AS total_sold FROM products p JOIN articles a ON a.productid = p.id LEFT JOIN LATERAL (SELECT count FROM stock WHERE articleid = a.id) s LEFT JOIN LATERAL (SELECT amount FROM order_positions WHERE articleid = a.id) op GROUP BY p.id, p.name HAVING COALESCE(SUM(s.count), 0) < 10 ORDER BY total_stock ASC, total_sold DESC;"
webshopdb,mistral-small-latest,zero-shot,13,1585.253,13.561,0.277,444,NaN,NaN,NaN,,1.8759003290798404e-05,nan,NaN,False,False,"SELECT     date_trunc('month', o.ordertimestamp) AS month,     p.category,     SUM(op.amount * op.price::numeric) AS revenue FROM ""order"" o JOIN order_positions op ON op.orderid = o.id JOIN articles a ON a.id = op.articleid JOIN products p ON p.id = a.productid GROUP BY month, p.category ORDER BY month, revenue DESC;","SELECT     date_trunc('month', o.ordertimestamp) AS month,     p.category,     SUM(op.amount * op.price::numeric) AS revenue FROM ""order"" o JOIN order_positions op ON op.orderid = o.id JOIN articles a ON a.id = op.articleid JOIN products p ON p.id = a.productid GROUP BY 1, 3 ORDER BY 1, 2 DESC;"
webshopdb,mistral-small-latest,zero-shot,14,1754.261,13.292,0.353,462,1740.618,13.241,0.350,462,2.060864112809173e-05,2.0428722286116705e-05,1.008,True,True,"SELECT     c.id,     c.firstname,     c.lastname,     COUNT(DISTINCT p.category) AS categories_bought FROM customer c JOIN ""order"" o ON o.customer = c.id JOIN order_positions op ON op.orderid = o.id JOIN articles a ON a.id = op.articleid JOIN products p ON p.id = a.productid GROUP BY c.id, c.firstname, c.lastname HAVING COUNT(DISTINCT p.category) >= 3 ORDER BY categories_bought DESC, c.id;","SELECT c.id, c.firstname, c.lastname, COUNT(DISTINCT p.category) AS categories_bought FROM customer c JOIN ""order"" o ON o.customer = c.id JOIN order_positions op ON op.orderid = o.id JOIN articles a ON a.id = op.articleid JOIN products p ON p.id = a.productid GROUP BY c.id, c.firstname, c.lastname HAVING COUNT(DISTINCT p.category) >= 3 ORDER BY categories_bought DESC, c.id;"
webshopdb,mistral-small-latest,zero-shot,15,1730.006,12.265,0.474,576,1740.622,12.252,0.462,576,2.0333949391192923e-05,2.045707070231387e-05,0.994,True,True,"WITH bounds AS (     SELECT (SELECT MAX(ordertimestamp) FROM ""order"") AS max_ts ) SELECT     a.id AS article_id,     a.description,     p.name AS product_name,     COALESCE(SUM(s.count), 0) AS current_stock,     COUNT(DISTINCT o.id) AS num_orders_recent FROM articles a JOIN products p ON p.id = a.productid LEFT JOIN stock s ON s.articleid = a.id JOIN order_positions op ON op.articleid = a.id JOIN ""order"" o ON o.id = op.orderid CROSS JOIN bounds b WHERE o.ordertimestamp >= b.max_ts - interval '1 year' GROUP BY a.id, a.description, p.name HAVING COALESCE(SUM(s.count), 0) = 0 ORDER BY num_orders_recent DESC;","SELECT a.id AS article_id, a.description, p.name AS product_name, COALESCE(SUM(s.count), 0) AS current_stock, COUNT(DISTINCT o.id) AS num_orders_recent FROM articles a JOIN products p ON p.id = a.productid LEFT JOIN stock s ON s.articleid = a.id JOIN order_positions op ON op.articleid = a.id JOIN ""order"" o ON o.id = op.orderid WHERE o.ordertimestamp >= (SELECT MAX(ordertimestamp) FROM ""order"") - interval '1 year' GROUP BY a.id, a.description, p.name HAVING COALESCE(SUM(s.count), 0) = 0 ORDER BY num_orders_recent DESC;"
